Contraste log(U/U),Q: 0.05,exp(Q: 0.05),Q: 0.25,exp(Q: 0.25),Q: 0.5,exp(Q: 0.5),Q: 0.75,exp(Q: 0.75),Q: 0.95,exp(Q: 0.95)
Área per se,-0.03849064312689715,0.9622407082618967,-0.0077810498469682325,0.9922491441569552,0.01509922603184379,1.0152137952544618,0.06042683837449203,1.0622898758731572,0.3896149741532581,1.4764122275652443
Frag. per se,-0.040515626260077715,0.9602941585878969,-0.004771043982393918,0.9952403193690811,0.023659000217281755,1.0239410946606873,0.14649964348824962,1.157774518058163,0.6082915522685584,1.8372898023243245
Frag. total,-0.02913906848049783,0.9712813804481432,9.421505013164945e-5,1.000094219488509,0.03149252844845721,1.031993664972981,0.23766868171048677,1.2682889158918162,0.8898954536411875,2.434875080659044
