pair,modelo,dAICc,df,weight,dev.expl,Moran I statistic,p-value
contemp-ideal,com efeito por paisagem,0,212.77336879584215,1,0.689751838381793,-0.07598765920328752,0.8600221222276845
contemp-ideal,com efeito de paisagem,1269.5361404377036,100.13034697001866,2.107316732626459e-276,0.3651969957253678,-0.01315506161749482,0.5248448463499027
contemp-ideal,sem efeito de paisagem,1595.3138234478793,93.71913670213185,0,0.2559379416738405,-0.03148505118305132,0.6438985505780779
contemp-non_frag,com efeito por paisagem,0,197.0491945012546,1,0.5476421634275273,0.02563356304250707,0.2835490624402963
contemp-non_frag,com efeito de paisagem,769.8178851186995,94.78284353062327,6.857569397019043e-168,0.2762773075552658,0.010242385502664559,0.37045075418815154
contemp-non_frag,sem efeito de paisagem,1010.64316052305,85.97147206898109,3.480375524017505e-220,0.18276617768078865,-0.007632596118780073,0.48791213629903707
non_frag-ideal,com efeito por paisagem,0,158.58037270841575,1,0.4115512328422604,-0.07771802861799737,0.8661449421655356
non_frag-ideal,com efeito de paisagem,438.9665431639787,70.31558779657621,4.7821839976984115e-96,0.2078254952509853,-0.13952073702758433,0.9831161733284138
non_frag-ideal,sem efeito de paisagem,727.1067286597354,65.06070046065582,1.2905653306544556e-158,0.08888744687494679,-0.14097117276946775,0.9845821373806122
