modelo,MoranI_stat_res,Expectation,Variance,StdDev,pvalue
land * k + land|Site,0.32988678531908955,-0.009433962264150943,0.005210499674258734,4.700788683600099,1.2957929773885037e-6
land + k + land|Site,0.3283305164701903,-0.009433962264150943,0.0052074954671327495,4.6805784034721984,1.4303334105762826e-6
land + land|Site,0.27264357946478246,-0.009433962264150943,0.005165653176237274,3.924694783443878,4.341988502290402e-5
k + 1|Site,0.31458054725616463,-0.009433962264150943,0.005226058951323793,4.482056288343726,3.69636185923728e-6
1 + 1|Site,0.2656053643211836,-0.009433962264150943,0.0051939467979890686,3.8163311096930754,6.772535665205422e-5
