modelo,dAICc,df,weight,dev.expl,MoranI_stat_res,pvalue
land * k,0,376.83204560394813,0.387203949211232,0.6956714843982688,0.32988678531908955,1.2957929773885037e-6
"land * k + (lat,long)",0.10092353240179364,376.929547955456,0.36814975140457257,0.6956718543502262,0.32999862520316425,1.2859840947315707e-6
land * k + class_pert,1.3935809668619186,376.7053366024441,0.19289790731967893,0.6956662715029492,0.32892330219836774,1.3828567774000316e-6
"land * k + class_pert + (lat,long)",4.025116388627794,377.95322029312626,0.05174839206451647,0.6956668492346065,0.32900276611132034,1.375345045514174e-6
