modelo,dAICc,df,weight,dev.expl,MoranI_stat_res,pvalue
"s(k,by=land)",0,1489.1803399185062,1,0.9398199233073617,0.01654535737096566,0.3504697337412472
"s(k,by=land) + land|Site",75411.15430314548,340.552728009454,0,0.6702841871754823,0.32918618558306345,1.5035727298978286e-6
land + land|Site,92153.49985163368,313.70335668942465,0,0.612660525968294,0.2754866553115763,3.872834012093201e-5
