modelo,dAICc,df,weight,dev.expl,Moran I statistic (res),p-value
land * k + land|Site,0,376.89701069153705,1,0.6949808944378699,0.25459656358102406,1.0752476568583629e-5
land + k + land|Site,1835.4394313357188,338.89357264273946,0,0.6892597419995544,0.2517366545119811,1.3165619784154217e-5
k + 1|Site,10391.12608488802,125.85642718043638,0,0.6624082148290938,0.2385566263629953,3.3274693954027306e-5
land + land|Site,13974.812063980076,319.86447796201156,0,0.6529744750603872,0.21173642996984307,1.802526020309502e-4
1 + 1|Site,22275.289811828567,106.85387648921922,0,0.6268916692319407,0.20056838613900213,3.578330841824479e-4
