SiteCode,lado_km,k,1,2,3,4
MGipia1,16.02,0.05,5.81204e-4,5.93987e-4,6.23559e-4,6.24452e-4
MGipia1,8.01,0.05,0.00107029,0.00103253,0.00104045,0.00106257
MGipia1,4.005,0.05,0.00179841,0.00177938,0.00186317,0.00188531
MGipia1,2.0025,0.05,0.002807,0.0028315,0.0028315,0.00296294
MGipia1,1.00125,0.05,0.00464602,0.0046085,0.0046085,0.0046085
MGipia1,0.500625,0.05,0.00687785,0.00687785,0.00687785,0.00709367
