SiteCode,lado_km,k,1,2,3,4,5,6,7,8,9,10
MGipia1,16.02,0.09999999999999988,7.15235e-4,8.34168e-4,7.52045e-4,7.37677e-4,7.75213e-4,7.25969e-4,8.14822e-4,7.81198e-4,7.96705e-4,7.69647e-4
MGipia1,8.01,0.09999999999999988,0.00130934,0.00120092,0.00137271,0.00120284,0.00128612,0.00121985,0.00120716,0.00114018,0.0012222,0.00123984
MGipia1,4.005,0.09999999999999988,0.00199275,0.00205422,0.00203896,0.00181321,0.00217326,0.00197047,0.00210913,0.00202719,0.00188278,0.0020923
MGipia1,2.0025,0.09999999999999988,0.00298376,0.00298376,0.00313606,0.00313606,0.00308639,0.00308639,0.00325933,0.00325933,0.00307409,0.00307409
MGipia1,1.00125,0.09999999999999988,0.00451689,0.00487869,0.00487869,0.00487869,0.00487869,0.0047725,0.0047725,0.0047725,0.0047725,0.0047725
MGipia1,0.500625,0.09999999999999988,0.00731409,0.00731409,0.00731409,0.00731409,0.00731409,0.00731409,0.00731409,0.00731409,0.00734826,0.00734826
