SiteCode,lado_km,k,1,2,3,4,5,6,7,8,9,10
MGipia1,16.02,0.2499999999999999,0.00122004,9.86209e-4,0.00123473,0.00147076,0.00143741,0.0013403,0.00129689,0.0014503,0.00129315,0.00121261
MGipia1,8.01,0.2499999999999999,0.00191402,0.00155169,0.00182997,0.00181965,0.00165561,0.00178908,0.00204842,0.00195682,0.00171387,0.00165194
MGipia1,4.005,0.2499999999999999,0.00252422,0.00245494,0.00278362,0.00276753,0.00279284,0.00267608,0.0025496,0.00235408,0.00244926,0.00242073
MGipia1,2.0025,0.2499999999999999,0.00339573,0.00344176,0.00373362,0.00373362,0.00373362,0.00355868,0.00388283,0.00388283,0.00387824,0.00387824
MGipia1,1.00125,0.2499999999999999,0.00554793,0.00528269,0.00528269,0.00528269,0.00528269,0.00528269,0.00509346,0.00509346,0.00509346,0.00509346
MGipia1,0.500625,0.2499999999999999,0.00704082,0.00704082,0.00718547,0.00718547,0.00718547,0.00718547,0.00718547,0.00718547,0.00718547,0.00713818
