SiteCode,lado_km,k,1,2,3,4
MGipia1,16.02,0.09999999999999988,8.48054e-4,7.58014e-4,8.98007e-4,7.97415e-4
MGipia1,8.01,0.09999999999999988,0.0012173,0.00132659,0.00128326,0.00108811
MGipia1,4.005,0.09999999999999988,0.00190484,0.00192259,0.0019428,0.00198205
MGipia1,2.0025,0.09999999999999988,0.00297456,0.00297456,0.00328878,0.00328878
MGipia1,1.00125,0.09999999999999988,0.00480091,0.00480091,0.00480091,0.00480091
MGipia1,0.500625,0.09999999999999988,0.00703815,0.00703815,0.00703815,0.00703815
