SiteCode,lado_km,k,1,2,3,4,5,6,7,8,9,10
MGipia1,16.02,0.05,5.93583e-4,6.2355e-4,6.45472e-4,6.53856e-4,6.79252e-4,6.35754e-4,6.0293e-4,6.65847e-4,6.50655e-4,6.34651e-4
MGipia1,8.01,0.05,0.00101619,0.00102127,0.00110724,0.00113009,0.0010813,0.00104281,0.00104372,0.00113695,0.00103565,0.00107182
MGipia1,4.005,0.05,0.00171939,0.00182811,0.00167522,0.00180889,0.00193612,0.00189705,0.00174384,0.00179725,0.0017666,0.00179781
MGipia1,2.0025,0.05,0.0029434,0.00294632,0.00294632,0.00275077,0.00275077,0.00266489,0.00266489,0.00266784,0.00266784,0.00285805
MGipia1,1.00125,0.05,0.00443433,0.00443433,0.00443433,0.00443433,0.00414169,0.00414169,0.00414169,0.00414169,0.00434857,0.00434857
MGipia1,0.500625,0.05,0.00685229,0.00685229,0.00685229,0.00685229,0.00685229,0.00660673,0.00660673,0.00660673,0.00660673,0.00660673
