SiteCode,lado_km,k,1,2,3,4,5,6,7,8,9,10
MGlavr3,16.02,0.09999999999999988,0.00890249,0.00973731,0.00844995,0.00846767,0.00963372,0.00903379,0.00861708,0.00913419,0.00932178,0.00916555
MGlavr3,8.01,0.09999999999999988,0.00936187,0.00918809,0.00941414,0.00875066,0.00910776,0.00848238,0.008671,0.00905386,0.00896144,0.00908402
MGlavr3,4.005,0.09999999999999988,0.00886921,0.00889778,0.00974549,0.00976788,0.00973038,0.00931615,0.00888599,0.00928755,0.00973142,0.00953087
MGlavr3,2.0025,0.09999999999999988,0.0107776,0.0104264,0.0103239,0.0103079,0.0103081,0.010266,0.0098694,0.0101297,0.00995696,0.0104758
MGlavr3,1.00125,0.09999999999999988,0.0122221,0.0120916,0.0124945,0.0124571,0.0123568,0.0126715,0.0121772,0.0122218,0.012543,0.0120458
MGlavr3,0.500625,0.09999999999999988,0.0156063,0.0156063,0.0154658,0.0163163,0.0163163,0.0154743,0.0155947,0.0156286,0.0156286,0.0154479
