SiteCode,lado_km,k,1,2,3,4
MGlavr3,16.02,0.05,0.0052939,0.00483061,0.00535907,0.00496522
MGlavr3,8.01,0.05,0.00541901,0.00545353,0.00567133,0.00570722
MGlavr3,4.005,0.05,0.00701615,0.00661652,0.00665453,0.00646385
MGlavr3,2.0025,0.05,0.00891116,0.00897335,0.00903603,0.00922347
MGlavr3,1.00125,0.05,0.0121365,0.0121365,0.0121931,0.0121838
MGlavr3,0.500625,0.05,0.0181737,0.017781,0.017781,0.017543
