SiteCode,lado_km,k,1,2,3,4
MGlavr3,16.02,0.2499999999999999,0.0121446,0.0124922,0.0126041,0.0127681
MGlavr3,8.01,0.2499999999999999,0.0132921,0.0116108,0.0122679,0.0121223
MGlavr3,4.005,0.2499999999999999,0.0132576,0.0131266,0.0127983,0.0127558
MGlavr3,2.0025,0.2499999999999999,0.0130649,0.0132175,0.0132175,0.0126046
MGlavr3,1.00125,0.2499999999999999,0.013237,0.0136811,0.0136811,0.0133929
MGlavr3,0.500625,0.2499999999999999,0.0160437,0.0160437,0.0160437,0.0163687
