SiteCode,lado_km,k,1,2,3,4,5,6,7,8,9,10
MGlavr3,16.02,0.05,0.00506287,0.00455389,0.00498418,0.00560688,0.00505001,0.00509262,0.00455857,0.00455004,0.00515125,0.00497917
MGlavr3,8.01,0.05,0.00492993,0.00547046,0.00544832,0.00568872,0.00543462,0.0052881,0.00554907,0.00524189,0.00561698,0.00608346
MGlavr3,4.005,0.05,0.00693833,0.00698593,0.00598251,0.00681179,0.00688958,0.00676775,0.00685512,0.00642691,0.00749567,0.00660573
MGlavr3,2.0025,0.05,0.00897988,0.00844138,0.00871914,0.00867411,0.00869276,0.00866964,0.00854526,0.00849238,0.00869128,0.00900304
MGlavr3,1.00125,0.05,0.0114295,0.011489,0.0115104,0.0118703,0.0119698,0.0116862,0.0120031,0.0117093,0.0116196,0.0117079
MGlavr3,0.500625,0.05,0.0160519,0.016163,0.0156911,0.0156911,0.0160013,0.0159329,0.0159703,0.0159607,0.0159607,0.0159213
