SiteCode,lado_km,k,1,2,3,4
MGuberl3,16.02,0.05,0.00105671,0.00121079,0.00106601,0.00105559
MGuberl3,8.01,0.05,0.00176594,0.00181408,0.00173942,0.0017488
MGuberl3,4.005,0.05,0.00300864,0.00288112,0.00299024,0.00292583
MGuberl3,2.0025,0.05,0.00451958,0.00451958,0.00461767,0.00465804
MGuberl3,1.00125,0.05,0.00734414,0.00734414,0.00719596,0.00719596
MGuberl3,0.500625,0.05,0.0108695,0.0108695,0.0108695,0.0108695
