SiteCode,lado_km,k,1,2,3,4
MGuberl3,16.02,0.09999999999999988,0.00172207,0.00134146,0.00158736,0.0013743
MGuberl3,8.01,0.09999999999999988,0.00215589,0.00231236,0.00228745,0.00229352
MGuberl3,4.005,0.09999999999999988,0.00369309,0.00324721,0.00373639,0.00378291
MGuberl3,2.0025,0.09999999999999988,0.00499348,0.00514348,0.00514348,0.00541956
MGuberl3,1.00125,0.09999999999999988,0.00765065,0.00765065,0.00765065,0.0076583
MGuberl3,0.500625,0.09999999999999988,0.0115721,0.0115721,0.0115721,0.0115721
