SiteCode,lado_km,k,1,2,3,4
MGuberl3,16.02,0.2499999999999999,0.00382594,0.00375068,0.0031289,0.00343711
MGuberl3,8.01,0.2499999999999999,0.00327424,0.00420524,0.00408583,0.00382676
MGuberl3,4.005,0.2499999999999999,0.00579871,0.00479037,0.00482951,0.0049121
MGuberl3,2.0025,0.2499999999999999,0.00544296,0.00544296,0.00638358,0.00638358
MGuberl3,1.00125,0.2499999999999999,0.00833256,0.00833256,0.00853328,0.00853328
MGuberl3,0.500625,0.2499999999999999,0.011516,0.011516,0.011516,0.011516
