SiteCode,lado_km,k,1,2,3,4,5,6,7,8,9,10
MGvico3,16.02,0.2499999999999999,0.0059052,0.0059175,0.00567863,0.00617369,0.00659801,0.00581802,0.0057386,0.00561492,0.00627477,0.00590881
MGvico3,8.01,0.2499999999999999,0.00551188,0.00599232,0.00551373,0.00609254,0.00564768,0.00508878,0.00529504,0.00557197,0.00567279,0.00569504
MGvico3,4.005,0.2499999999999999,0.00629167,0.00574589,0.00558037,0.00616397,0.00531725,0.00533871,0.00554429,0.00566081,0.00605806,0.00530947
MGvico3,2.0025,0.2499999999999999,0.0063678,0.00631901,0.00580055,0.00620573,0.0061484,0.00652205,0.00669663,0.00663527,0.00665743,0.0061771
MGvico3,1.00125,0.2499999999999999,0.00773995,0.00773995,0.00773995,0.00716019,0.00716019,0.0073713,0.0073713,0.0073713,0.00748283,0.00748283
MGvico3,0.500625,0.2499999999999999,0.0092763,0.00955244,0.00955244,0.00955244,0.00976501,0.00976501,0.00976501,0.00976501,0.00930687,0.00930687
