SiteCode,lado_km,k,1,2,3,4
MGvico3,16.02,0.05,0.00131209,0.00136874,0.00124778,0.00139613
MGvico3,8.01,0.05,0.0020101,0.00212632,0.00197214,0.00210744
MGvico3,4.005,0.05,0.00309339,0.0029439,0.00307312,0.00305797
MGvico3,2.0025,0.05,0.00442985,0.00466687,0.00430885,0.00452091
MGvico3,1.00125,0.05,0.00653201,0.00649119,0.00649119,0.00639829
MGvico3,0.500625,0.05,0.00947937,0.00947937,0.00947937,0.00942882
