SiteCode,lado_km,k,1,2,3,4
MGvico3,16.02,0.09999999999999988,0.0020367,0.00231381,0.00300911,0.0023993
MGvico3,8.01,0.09999999999999988,0.00330821,0.00298818,0.00254542,0.0029972
MGvico3,4.005,0.09999999999999988,0.00421897,0.00380779,0.00414572,0.00404981
MGvico3,2.0025,0.09999999999999988,0.00520294,0.00520294,0.00488585,0.00488585
MGvico3,1.00125,0.09999999999999988,0.00703683,0.00703683,0.00703683,0.00703683
MGvico3,0.500625,0.09999999999999988,0.00985948,0.00985948,0.00985948,0.00985948
