SiteCode,lado_km,k,1,2,3,4,5,6,7,8,9,10
MGvico3,16.02,0.05,0.00147142,0.00139043,0.00141884,0.00130688,0.00144543,0.00126287,0.00141622,0.00138557,0.00128059,0.00150751
MGvico3,8.01,0.05,0.0021313,0.00198299,0.00210695,0.00188653,0.00206707,0.00195008,0.00205929,0.00202766,0.00205658,0.00205263
MGvico3,4.005,0.05,0.00311184,0.00297367,0.00300133,0.00298655,0.00302245,0.00284167,0.00310423,0.00306962,0.0028802,0.00320157
MGvico3,2.0025,0.05,0.00444982,0.00452986,0.00459621,0.00453101,0.00436834,0.00426164,0.00453483,0.00443321,0.00452581,0.00439518
MGvico3,1.00125,0.05,0.00655444,0.00645287,0.00645287,0.00650513,0.00650513,0.00683731,0.00683731,0.00656619,0.00656619,0.00670313
MGvico3,0.500625,0.05,0.00980231,0.00980231,0.009566,0.009566,0.009566,0.009566,0.00954657,0.00954657,0.00954657,0.00951742
