SiteCode,lado_km,k,1,2,3,4
MSdour,16.02,0.05,0.00185528,0.00178346,0.00172708,0.00160971
MSdour,8.01,0.05,0.00276044,0.00277172,0.00283614,0.00276827
MSdour,4.005,0.05,0.00464188,0.00446135,0.00418816,0.00459033
MSdour,2.0025,0.05,0.00709153,0.00709153,0.00680341,0.00647711
MSdour,1.00125,0.05,0.0101544,0.0100172,0.0100172,0.0100172
MSdour,0.500625,0.05,0.0151972,0.0149926,0.0149926,0.0149926
