SiteCode,lado_km,k,1,2,3,4,5,6,7,8,9,10
MSdour,16.02,0.05,0.00163635,0.0016462,0.00164873,0.00177292,0.00158591,0.00155561,0.00155768,0.00153481,0.00164937,0.00170369
MSdour,8.01,0.05,0.00261986,0.00266825,0.00258215,0.00252469,0.00260016,0.00252,0.00269952,0.0025509,0.00252477,0.00271688
MSdour,4.005,0.05,0.00412711,0.00415572,0.00426244,0.00412712,0.00418249,0.00423351,0.00420046,0.00427934,0.00430337,0.00441141
MSdour,2.0025,0.05,0.00656854,0.00656854,0.00701894,0.00663228,0.00663228,0.00598383,0.00661309,0.00661309,0.00651601,0.00624838
MSdour,1.00125,0.05,0.00977948,0.00977948,0.00963932,0.00963932,0.00963932,0.00963932,0.0106053,0.0106053,0.0106053,0.00962267
MSdour,0.500625,0.05,0.0156153,0.0156153,0.0156153,0.0156153,0.0156153,0.0150346,0.0150346,0.0150346,0.0150346,0.0150346
