SiteCode,lado_km,k,1,2,3,4
MSdour,16.02,0.2499999999999999,0.00643205,0.00772866,0.00767292,0.00846794
MSdour,8.01,0.2499999999999999,0.00757555,0.00887335,0.00721422,0.00790171
MSdour,4.005,0.2499999999999999,0.00826927,0.00795923,0.00863544,0.00868527
MSdour,2.0025,0.2499999999999999,0.00986761,0.00916409,0.00916409,0.0100509
MSdour,1.00125,0.2499999999999999,0.0122846,0.0122846,0.0122846,0.0122846
MSdour,0.500625,0.2499999999999999,0.0168885,0.0159911,0.0159911,0.0159911
