SiteCode,lado_km,k,1,2,3,4,5,6,7,8,9,10
MSdour,16.02,0.09999999999999988,0.00336372,0.0026029,0.0025691,0.00252685,0.0031445,0.00289822,0.00264152,0.00249972,0.00299033,0.00276479
MSdour,8.01,0.09999999999999988,0.00399845,0.00385133,0.00377224,0.00365349,0.00345733,0.00342847,0.00371826,0.00382078,0.00365079,0.00402188
MSdour,4.005,0.09999999999999988,0.00477151,0.00508352,0.00507824,0.00551085,0.00505418,0.00518979,0.00536061,0.00574585,0.00504352,0.00507043
MSdour,2.0025,0.09999999999999988,0.00740964,0.0076873,0.0076873,0.00766897,0.00790962,0.00790962,0.00717024,0.00717024,0.00792169,0.00792169
MSdour,1.00125,0.09999999999999988,0.0106348,0.0106348,0.0106348,0.0108735,0.0108735,0.0108735,0.0108735,0.0109319,0.0109319,0.0109319
MSdour,0.500625,0.09999999999999988,0.0152785,0.0152785,0.0159149,0.0159149,0.0159149,0.0159149,0.0159149,0.0159149,0.0159149,0.0162034
