SiteCode,lado_km,k,1,2,3,4
PEalia,16.02,0.09999999999999988,0.00150879,0.00160299,0.00161538,0.00152325
PEalia,8.01,0.09999999999999988,0.00269365,0.00262119,0.00262245,0.00258974
PEalia,4.005,0.09999999999999988,0.00378206,0.00459766,0.00394887,0.00400263
PEalia,2.0025,0.09999999999999988,0.00608012,0.00608012,0.00689615,0.00689615
PEalia,1.00125,0.09999999999999988,0.0100392,0.0100392,0.0100392,0.0100392
PEalia,0.500625,0.09999999999999988,0.0152319,0.015033,0.015033,0.015033
