SiteCode,lado_km,k,1,2,3,4,5,6,7,8,9,10
PEalia,16.02,0.05,0.00132087,0.0012953,0.00125509,0.00133341,0.00123621,0.00123828,0.00120618,0.00123424,0.00126533,0.00122294
PEalia,8.01,0.05,0.00202294,0.0022209,0.00213447,0.00205073,0.00195524,0.00211863,0.00211135,0.00225459,0.00212101,0.00218332
PEalia,4.005,0.05,0.00337722,0.00368289,0.00343617,0.00364786,0.0037358,0.0035056,0.0036533,0.00334006,0.00339615,0.00367004
PEalia,2.0025,0.05,0.00576396,0.00572756,0.00572756,0.00595347,0.00595347,0.00567392,0.00567392,0.00567392,0.00581089,0.00581089
PEalia,1.00125,0.05,0.00918627,0.00848962,0.00848962,0.00848962,0.00848962,0.00848962,0.00909751,0.00909751,0.00909751,0.00909751
PEalia,0.500625,0.05,0.0138096,0.0138096,0.0138096,0.0140662,0.0140662,0.0140662,0.0140662,0.0140662,0.0140662,0.0140662
