SiteCode,lado_km,k,1,2,3,4
PEalia,16.02,0.2499999999999999,0.00304095,0.00356215,0.0035927,0.00338987
PEalia,8.01,0.2499999999999999,0.00372838,0.0039796399999999996,0.00396272,0.00426979
PEalia,4.005,0.2499999999999999,0.00491396,0.00571312,0.00584062,0.00518599
PEalia,2.0025,0.2499999999999999,0.0078687,0.0078687,0.0078687,0.00801719
PEalia,1.00125,0.2499999999999999,0.0111357,0.0111357,0.0111357,0.0111357
PEalia,0.500625,0.2499999999999999,0.0154439,0.0154439,0.0154439,0.0161327
