SiteCode,lado_km,k,1,2,3,4
PEmata2,16.02,0.05,9.72683e-4,9.91586e-4,0.00108141,0.00101992
PEmata2,8.01,0.05,0.00167463,0.0016839,0.00157156,0.00166461
PEmata2,4.005,0.05,0.00240032,0.00264393,0.00253252,0.00270042
PEmata2,2.0025,0.05,0.00408978,0.00408978,0.00423775,0.00423983
PEmata2,1.00125,0.05,0.00649385,0.00606143,0.00606143,0.00606143
PEmata2,0.500625,0.05,0.00930925,0.00930925,0.00924034,0.00924034
