SiteCode,lado_km,k,1,2,3,4
PEmata2,16.02,0.2499999999999999,0.00500429,0.00423926,0.00554643,0.00472197
PEmata2,8.01,0.2499999999999999,0.00529839,0.00529011,0.00463441,0.00415267
PEmata2,4.005,0.2499999999999999,0.00577345,0.00554939,0.00429695,0.00549717
PEmata2,2.0025,0.2499999999999999,0.00632672,0.00586369,0.00586369,0.00586369
PEmata2,1.00125,0.2499999999999999,0.0080817,0.0080817,0.0080817,0.0080817
PEmata2,0.500625,0.2499999999999999,0.0100697,0.00998012,0.00998012,0.00998012
