SiteCode,lado_km,k,1,2,3,4
PEmata2,16.02,0.09999999999999988,0.00147492,0.00150247,0.0015272,0.00171257
PEmata2,8.01,0.09999999999999988,0.00244,0.00250106,0.00226536,0.00211135
PEmata2,4.005,0.09999999999999988,0.00331055,0.00316042,0.00327394,0.00350149
PEmata2,2.0025,0.09999999999999988,0.00484191,0.00484191,0.00484191,0.00471041
PEmata2,1.00125,0.09999999999999988,0.00668229,0.00668229,0.00690882,0.00690882
PEmata2,0.500625,0.09999999999999988,0.00983917,0.00983917,0.0102239,0.0102239
