SiteCode,lado_km,k,1,2,3,4
PRanto4,16.02,0.09999999999999988,0.00260005,0.00233195,0.00288686,0.00258306
PRanto4,8.01,0.09999999999999988,0.00290102,0.00281736,0.00291204,0.0027256
PRanto4,4.005,0.09999999999999988,0.00312658,0.00366504,0.00352405,0.00388034
PRanto4,2.0025,0.09999999999999988,0.00462242,0.00470997,0.00470997,0.00519203
PRanto4,1.00125,0.09999999999999988,0.00644852,0.00644852,0.00644852,0.00630904
PRanto4,0.500625,0.09999999999999988,0.00864244,0.00864244,0.00864244,0.00861144
