SiteCode,lado_km,k,1,2,3,4
PRanto12,16.02,0.09999999999999988,0.00390281,0.00395464,0.00420171,0.00428178
PRanto12,8.01,0.09999999999999988,0.00404122,0.00438578,0.00469989,0.00454211
PRanto12,4.005,0.09999999999999988,0.00537182,0.00596987,0.00582934,0.00614013
PRanto12,2.0025,0.09999999999999988,0.00745861,0.00701334,0.00701334,0.00722182
PRanto12,1.00125,0.09999999999999988,0.00998729,0.00998729,0.0103985,0.0103985
PRanto12,0.500625,0.09999999999999988,0.0144708,0.0144708,0.0144708,0.0150591
