SiteCode,lado_km,k,1,2,3,4
PRanto12,16.02,0.05,0.00197057,0.00200566,0.00182462,0.00190072
PRanto12,8.01,0.05,0.00292327,0.00277521,0.00300577,0.00299507
PRanto12,4.005,0.05,0.00436455,0.00427857,0.0046191,0.00435694
PRanto12,2.0025,0.05,0.00634988,0.00625735,0.00651621,0.00629702
PRanto12,1.00125,0.05,0.00920598,0.00904492,0.00904492,0.00964137
PRanto12,0.500625,0.05,0.0146483,0.0146483,0.0146483,0.0146483
