SiteCode,lado_km,k,1,2,3,4
PRanto4,16.02,0.2499999999999999,0.00605959,0.0066592,0.00717038,0.00662302
PRanto4,8.01,0.2499999999999999,0.00698458,0.0062631,0.00723631,0.00663134
PRanto4,4.005,0.2499999999999999,0.00795259,0.00704492,0.00616619,0.00684478
PRanto4,2.0025,0.2499999999999999,0.00662193,0.0061875,0.006206,0.00642048
PRanto4,1.00125,0.2499999999999999,0.00684333,0.00684333,0.00659032,0.00659032
PRanto4,0.500625,0.2499999999999999,0.00787415,0.00787415,0.00841758,0.00841758
