SiteCode,lado_km,k,1,2,3,4
PRanto15,16.02,0.05,0.00187786,0.00184119,0.00167946,0.00163314
PRanto15,8.01,0.05,0.0023622,0.0025158,0.00254267,0.00258675
PRanto15,4.005,0.05,0.00365592,0.00350109,0.00359032,0.00369205
PRanto15,2.0025,0.05,0.00553686,0.0056628,0.00522822,0.00545497
PRanto15,1.00125,0.05,0.00772424,0.00772424,0.00777687,0.00777687
PRanto15,0.500625,0.05,0.011583,0.011583,0.0112479,0.0112479
