SiteCode,lado_km,k,1,2,3,4
PRanto15,16.02,0.09999999999999988,0.00414032,0.00390624,0.00305905,0.00350103
PRanto15,8.01,0.09999999999999988,0.0042665,0.00408798,0.00453594,0.00368534
PRanto15,4.005,0.09999999999999988,0.00458251,0.00513148,0.00450656,0.00538083
PRanto15,2.0025,0.09999999999999988,0.0064304,0.00678639,0.00661718,0.00663813
PRanto15,1.00125,0.09999999999999988,0.00867509,0.00867509,0.00867509,0.00848345
PRanto15,0.500625,0.09999999999999988,0.0115434,0.0115434,0.0115434,0.0111576
