SiteCode,lado_km,k,1,2,3,4
PRanto4,16.02,0.05,0.00144039,0.00138489,0.00143323,0.00129565
PRanto4,8.01,0.05,0.00201742,0.00189553,0.00196386,0.00187705
PRanto4,4.005,0.05,0.00272101,0.00290399,0.00287491,0.0029819
PRanto4,2.0025,0.05,0.00402888,0.00414462,0.00407195,0.004223
PRanto4,1.00125,0.05,0.00591022,0.00591022,0.00595421,0.00595421
PRanto4,0.500625,0.05,0.0087554,0.0087554,0.0087554,0.0087554
