SiteCode,lado_km,k,1,2,3,4
PRanto15,16.02,0.2499999999999999,0.00814559,0.0074511,0.00902087,0.00672237
PRanto15,8.01,0.2499999999999999,0.00754978,0.0074614,0.00736043,0.00836524
PRanto15,4.005,0.2499999999999999,0.00699463,0.00810743,0.00765368,0.00755039
PRanto15,2.0025,0.2499999999999999,0.0088382,0.00840734,0.00753837,0.00753837
PRanto15,1.00125,0.2499999999999999,0.00943856,0.00943856,0.00910053,0.00910053
PRanto15,0.500625,0.2499999999999999,0.011273,0.011273,0.011826,0.011826
