SiteCode,lado_km,k,1,2,3,4,5,6,7,8,9,10
PRanto11,16.02,0.2499999999999999,0.00382437,0.00388918,0.00369296,0.00393746,0.00354892,0.00419951,0.00339869,0.00381955,0.00367849,0.00360935
PRanto11,8.01,0.2499999999999999,0.00378177,0.00338323,0.00381578,0.00329278,0.00371047,0.0033934,0.00393165,0.00431461,0.0038062,0.00345811
PRanto11,4.005,0.2499999999999999,0.00382615,0.00399836,0.00333689,0.00397197,0.00353922,0.00370271,0.00356037,0.00362648,0.00414356,0.00376935
PRanto11,2.0025,0.2499999999999999,0.00487029,0.00448568,0.00409442,0.00431518,0.00440734,0.00431527,0.00446717,0.004054,0.00468906,0.00453375
PRanto11,1.00125,0.2499999999999999,0.00541306,0.00541306,0.00541306,0.00547864,0.00547864,0.00549074,0.00549074,0.00559645,0.00559645,0.00559645
PRanto11,0.500625,0.2499999999999999,0.00719634,0.00719634,0.00719634,0.00748878,0.00748878,0.00748878,0.0071182,0.0071182,0.0071182,0.0071182
