SiteCode,lado_km,k,1,2,3,4
PRanto11,16.02,0.05,0.0010492,9.89797e-4,0.00105699,9.97012e-4
PRanto11,8.01,0.05,0.00158601,0.00157942,0.00155821,0.00143345
PRanto11,4.005,0.05,0.00221501,0.00244997,0.00226135,0.00243445
PRanto11,2.0025,0.05,0.00345046,0.00347314,0.00368342,0.00348835
PRanto11,1.00125,0.05,0.00523257,0.00508159,0.00508159,0.00508159
PRanto11,0.500625,0.05,0.00729625,0.00729625,0.00729625,0.00729625
