SiteCode,lado_km,k,1,2,3,4
PRanto12,16.02,0.2499999999999999,0.0105014,0.0107802,0.0126573,0.0110058
PRanto12,8.01,0.2499999999999999,0.0102459,0.0102139,0.0118956,0.0106143
PRanto12,4.005,0.2499999999999999,0.0111917,0.0118233,0.0111451,0.0119653
PRanto12,2.0025,0.2499999999999999,0.0115317,0.010953,0.010953,0.0106306
PRanto12,1.00125,0.2499999999999999,0.01158,0.01158,0.01158,0.0125556
PRanto12,0.500625,0.2499999999999999,0.015012,0.015012,0.015012,0.015012
