SiteCode,lado_km,k,1,2,3,4
PRanto11,16.02,0.09999999999999988,0.00157732,0.00195765,0.00168613,0.00159193
PRanto11,8.01,0.09999999999999988,0.00234483,0.00206335,0.00198137,0.0021924
PRanto11,4.005,0.09999999999999988,0.00288012,0.00289668,0.00296679,0.00290305
PRanto11,2.0025,0.09999999999999988,0.0037891,0.00391988,0.00407289,0.00407289
PRanto11,1.00125,0.09999999999999988,0.00562599,0.00562599,0.00530413,0.00530413
PRanto11,0.500625,0.09999999999999988,0.00767619,0.00767619,0.0071869,0.0071869
