SiteCode,lado_km,k,1,2,3,4
PRdiam4,16.02,0.05,7.50193e-4,6.89437e-4,6.94154e-4,7.12763e-4
PRdiam4,8.01,0.05,0.00111516,0.0011791,0.00118943,0.00123187
PRdiam4,4.005,0.05,0.00189423,0.00182086,0.0017664,0.00185726
PRdiam4,2.0025,0.05,0.00288366,0.00290177,0.0027484,0.0027484
PRdiam4,1.00125,0.05,0.00442023,0.00442023,0.00423134,0.00423134
PRdiam4,0.500625,0.05,0.00623236,0.00623236,0.00623236,0.00623236
