SiteCode,lado_km,k,1,2,3,4
PRdiam2,16.02,0.2499999999999999,0.00438336,0.0044748,0.0038262,0.00482247
PRdiam2,8.01,0.2499999999999999,0.00456428,0.00398021,0.00461393,0.00428626
PRdiam2,4.005,0.2499999999999999,0.00441251,0.0044499,0.00475369,0.00491184
PRdiam2,2.0025,0.2499999999999999,0.00555261,0.0050182,0.0050182,0.00565974
PRdiam2,1.00125,0.2499999999999999,0.00728102,0.00670216,0.00670216,0.00670216
PRdiam2,0.500625,0.2499999999999999,0.00875877,0.00913845,0.00913845,0.00913845
