SiteCode,lado_km,k,1,2,3,4
PRdiam2,16.02,0.05,0.00101605,8.76769e-4,0.00110969,9.49352e-4
PRdiam2,8.01,0.05,0.00159271,0.00163348,0.00173514,0.001677
PRdiam2,4.005,0.05,0.00249164,0.00249786,0.00269397,0.00263247
PRdiam2,2.0025,0.05,0.00426423,0.00403469,0.00403469,0.00402258
PRdiam2,1.00125,0.05,0.00614044,0.00582318,0.00582318,0.00582318
PRdiam2,0.500625,0.05,0.0088409,0.00962555,0.00962555,0.00962555
