SiteCode,lado_km,k,1,2,3,4
PRdiam4,16.02,0.2499999999999999,0.00199871,0.00199204,0.00191785,0.00265624
PRdiam4,8.01,0.2499999999999999,0.00259556,0.00252245,0.00237243,0.00285696
PRdiam4,4.005,0.2499999999999999,0.00270518,0.00271536,0.00304964,0.00251093
PRdiam4,2.0025,0.2499999999999999,0.00363749,0.00363749,0.00344846,0.0036875
PRdiam4,1.00125,0.2499999999999999,0.00472414,0.00472414,0.00475999,0.00475999
PRdiam4,0.500625,0.2499999999999999,0.00626788,0.00597238,0.00597238,0.00597238
