SiteCode,lado_km,k,1,2,3,4
PRdiam4,16.02,0.09999999999999988,9.36919e-4,9.32916e-4,9.14545e-4,9.2158e-4
PRdiam4,8.01,0.09999999999999988,0.00146985,0.00150292,0.00142166,0.00144747
PRdiam4,4.005,0.09999999999999988,0.00210356,0.00218368,0.00206426,0.00209725
PRdiam4,2.0025,0.09999999999999988,0.00309284,0.00309284,0.00289939,0.00289939
PRdiam4,1.00125,0.09999999999999988,0.0045662,0.0045662,0.00454953,0.00454953
PRdiam4,0.500625,0.09999999999999988,0.00656567,0.00656567,0.00678783,0.00678783
