SiteCode,lado_km,k,1,2,3,4
PRdiam2,16.02,0.09999999999999988,0.0014586,0.00134104,0.0013779,0.00124769
PRdiam2,8.01,0.09999999999999988,0.00205498,0.00196866,0.00196704,0.00195599
PRdiam2,4.005,0.09999999999999988,0.00291516,0.00272635,0.00276794,0.00331271
PRdiam2,2.0025,0.09999999999999988,0.00490853,0.00434935,0.00434935,0.00432503
PRdiam2,1.00125,0.09999999999999988,0.00645236,0.00645236,0.00645236,0.00645236
PRdiam2,0.500625,0.09999999999999988,0.00982449,0.00982449,0.00982449,0.00982449
