SiteCode,lado_km,k,1,2,3,4
PRrico3,16.02,0.2499999999999999,9.96301e-4,0.00082794400000000005,0.00106513,0.00109589
PRrico3,8.01,0.2499999999999999,0.00126945,0.00130027,0.00116249,0.0014225
PRrico3,4.005,0.2499999999999999,0.00187264,0.00170158,0.00212981,0.00178995
PRrico3,2.0025,0.2499999999999999,0.00263462,0.00263462,0.00275896,0.00275896
PRrico3,1.00125,0.2499999999999999,0.00363559,0.00363559,0.00363559,0.00363559
PRrico3,0.500625,0.2499999999999999,0.00486076,0.0044956,0.0044956,0.0044956
