SiteCode,lado_km,k,1,2,3,4
PRrico3,16.02,0.05,4.81094e-4,5.04208e-4,4.7905e-4,4.59992e-4
PRrico3,8.01,0.05,7.7524e-4,7.84764e-4,7.33656e-4,7.61298e-4
PRrico3,4.005,0.05,0.00127649,0.00121839,0.00123714,0.00129668
PRrico3,2.0025,0.05,0.00206171,0.00194072,0.00201081,0.00194428
PRrico3,1.00125,0.05,0.00312187,0.00332527,0.00332527,0.0032365
PRrico3,0.500625,0.05,0.0049136,0.0049136,0.0049136,0.00509798
