SiteCode,lado_km,k,1,2,3,4
PRrico3,16.02,0.09999999999999988,7.23796e-4,5.88607e-4,5.68148e-4,6.04834e-4
PRrico3,8.01,0.09999999999999988,9.65899e-4,0.00102466,0.00102085,9.95128e-4
PRrico3,4.005,0.09999999999999988,0.00154611,0.00152793,0.0013549,0.00148394
PRrico3,2.0025,0.09999999999999988,0.00222814,0.00222814,0.00232771,0.00232771
PRrico3,1.00125,0.09999999999999988,0.00349197,0.00335243,0.00335243,0.00335243
PRrico3,0.500625,0.09999999999999988,0.00502497,0.00502497,0.00502497,0.00505063
