SiteCode,lado_km,k,1,2,3,4
PRsapo,16.02,0.2499999999999999,0.00584172,0.00703826,0.00706203,0.0069552
PRsapo,8.01,0.2499999999999999,0.00660586,0.00732425,0.00608277,0.0080008
PRsapo,4.005,0.2499999999999999,0.00720722,0.00648443,0.00679374,0.00698485
PRsapo,2.0025,0.2499999999999999,0.00745762,0.00743138,0.00709252,0.00709252
PRsapo,1.00125,0.2499999999999999,0.00849727,0.0085963500000000009,0.0085963500000000009,0.0085963500000000009
PRsapo,0.500625,0.2499999999999999,0.0107546,0.0107546,0.0113144,0.0113144
