SiteCode,lado_km,k,1,2,3,4
PRsapo,16.02,0.05,0.00141366,0.00147038,0.0013225,0.00144998
PRsapo,8.01,0.05,0.00217688,0.00204654,0.00206095,0.00233753
PRsapo,4.005,0.05,0.00331615,0.00317183,0.00299109,0.0032603
PRsapo,2.0025,0.05,0.00478813,0.00488955,0.00498466,0.00476662
PRsapo,1.00125,0.05,0.00734653,0.00737172,0.00737172,0.00709526
PRsapo,0.500625,0.05,0.0105754,0.0105754,0.0105754,0.0106564
