SiteCode,lado_km,k,1,2,3,4,5,6,7,8,9,10
PRsapo,16.02,0.09999999999999988,0.0024005,0.0021188,0.00195128,0.00222902,0.00235954,0.00230637,0.00206674,0.00201837,0.00232106,0.00233124
PRsapo,8.01,0.09999999999999988,0.00291179,0.00304251,0.00332104,0.00283761,0.0029908,0.00297334,0.0028825500000000002,0.00323577,0.00298404,0.0032344
PRsapo,4.005,0.09999999999999988,0.00412047,0.00404122,0.00386859,0.00406055,0.00386054,0.00394495,0.00407419,0.00388481,0.00384578,0.00389419
PRsapo,2.0025,0.09999999999999988,0.00543648,0.00543648,0.00544782,0.00544782,0.00524333,0.00524333,0.00600033,0.00600033,0.0059021,0.0059021
PRsapo,1.00125,0.09999999999999988,0.00802243,0.00779618,0.00779618,0.00779618,0.00779618,0.00779618,0.0076789,0.0076789,0.0076789,0.0076789
PRsapo,0.500625,0.09999999999999988,0.0108413,0.0106624,0.0106624,0.0106624,0.0106624,0.0106624,0.0106624,0.0106624,0.0108641,0.0108641
