SiteCode,lado_km,k,1,2,3,4,5,6,7,8,9,10
PRtele,16.02,0.09999999999999988,0.00217252,0.0020626,0.00233959,0.00209935,0.00200844,0.00198899,0.0022038,0.00202835,0.00206303,0.00197118
PRtele,8.01,0.09999999999999988,0.00306245,0.00283539,0.00322197,0.0031515,0.0029166,0.00298434,0.0027514,0.00290891,0.00334681,0.00280455
PRtele,4.005,0.09999999999999988,0.00421898,0.00417526,0.00413567,0.00411594,0.00468381,0.00430505,0.00437437,0.00438551,0.00416241,0.00427425
PRtele,2.0025,0.09999999999999988,0.00618554,0.00660242,0.00660242,0.00649119,0.00642682,0.00642682,0.00625888,0.00669081,0.00669081,0.00676169
PRtele,1.00125,0.09999999999999988,0.00979461,0.00979461,0.00914988,0.00914988,0.00914988,0.00914988,0.00986215,0.00986215,0.00986215,0.00986215
PRtele,0.500625,0.09999999999999988,0.013006,0.013006,0.013006,0.013006,0.013006,0.013548,0.013548,0.013548,0.013548,0.013548
