SiteCode,lado_km,k,1,2,3,4
PRtele,16.02,0.05,0.00144344,0.00133752,0.00151702,0.00151439
PRtele,8.01,0.05,0.00229849,0.00237412,0.00219678,0.00226913
PRtele,4.005,0.05,0.00359151,0.00348323,0.00352457,0.00358029
PRtele,2.0025,0.05,0.00585076,0.00578454,0.00565249,0.00565249
PRtele,1.00125,0.05,0.00868018,0.00868018,0.00868018,0.00868018
PRtele,0.500625,0.05,0.0130938,0.0130938,0.0130938,0.0130938
