SiteCode,lado_km,k,1,2,3,4
PRtele,16.02,0.2499999999999999,0.00585855,0.00577449,0.00533158,0.00606841
PRtele,8.01,0.2499999999999999,0.00634084,0.00621159,0.00582083,0.00544277
PRtele,4.005,0.2499999999999999,0.00564945,0.00579792,0.00647896,0.00551465
PRtele,2.0025,0.2499999999999999,0.00724728,0.00724728,0.00728644,0.00728644
PRtele,1.00125,0.2499999999999999,0.00987513,0.00987513,0.00987513,0.00987513
PRtele,0.500625,0.2499999999999999,0.0134782,0.0134782,0.0134782,0.0134782
