SiteCode,lado_km,k,1,2,3,4
RScach3,16.02,0.2499999999999999,0.00250157,0.00251716,0.00291705,0.00244576
RScach3,8.01,0.2499999999999999,0.00271675,0.00238824,0.00288686,0.00323468
RScach3,4.005,0.2499999999999999,0.00338306,0.00358554,0.00327426,0.00301614
RScach3,2.0025,0.2499999999999999,0.00402524,0.00402524,0.00396614,0.0039552
RScach3,1.00125,0.2499999999999999,0.00529636,0.00529636,0.00529636,0.00482375
RScach3,0.500625,0.2499999999999999,0.00669255,0.00669255,0.00669255,0.00669255
