SiteCode,lado_km,k,1,2,3,4
RScach3,16.02,0.05,8.32698e-4,7.25978e-4,7.81094e-4,7.50889e-4
RScach3,8.01,0.05,0.00131414,0.00123524,0.00117894,0.00119299
RScach3,4.005,0.05,0.00193799,0.00204857,0.0018736,0.00192005
RScach3,2.0025,0.05,0.00302141,0.00309632,0.00311521,0.00315889
RScach3,1.00125,0.05,0.00467392,0.00467392,0.0049786,0.0049786
RScach3,0.500625,0.05,0.00743847,0.00743847,0.00718663,0.00718663
