SiteCode,lado_km,k,1,2,3,4
RScach3,16.02,0.09999999999999988,9.76743e-4,0.00114706,0.00104159,0.00119615
RScach3,8.01,0.09999999999999988,0.0014102,0.00153482,0.00157042,0.00156844
RScach3,4.005,0.09999999999999988,0.00220818,0.00245562,0.00237332,0.00235303
RScach3,2.0025,0.09999999999999988,0.00343019,0.00357954,0.00357954,0.00376029
RScach3,1.00125,0.09999999999999988,0.00543403,0.00543403,0.00543403,0.00543403
RScach3,0.500625,0.09999999999999988,0.00732551,0.00732551,0.00732551,0.00732551
