SiteCode,lado_km,k,1,2,3,4
RScach2,16.02,0.09999999999999988,4.32102e-4,4.59176e-4,4.52436e-4,4.21005e-4
RScach2,8.01,0.09999999999999988,7.1053e-4,6.49156e-4,6.69394e-4,7.32753e-4
RScach2,4.005,0.09999999999999988,0.00108314,0.00106208,0.00100219,0.00107112
RScach2,2.0025,0.09999999999999988,0.00156471,0.00148786,0.00143962,0.00143962
RScach2,1.00125,0.09999999999999988,0.0020763,0.0020763,0.00210513,0.00210513
RScach2,0.500625,0.09999999999999988,0.00298122,0.00297428,0.00297428,0.00297428
