SiteCode,lado_km,k,1,2,3,4,5,6,7,8,9,10
RScach2,16.02,0.2499999999999999,9.84678e-4,8.29895e-4,0.00101624,9.88693e-4,0.00111703,0.00113046,9.48522e-4,9.81382e-4,9.55815e-4,0.0010353
RScach2,8.01,0.2499999999999999,0.00101785,0.00143853,0.00110687,0.00126129,0.00123503,8.29259e-4,0.00117691,9.6889e-4,0.00113857,0.00114074
RScach2,4.005,0.2499999999999999,0.00118535,0.00131329,0.00120716,0.00119329,0.00121604,0.00118562,0.00121638,0.00110843,0.0013529,0.00122715
RScach2,2.0025,0.2499999999999999,0.0016937,0.00151353,0.00151353,0.00171265,0.00171265,0.00156332,0.00163584,0.00163584,0.00147998,0.00147998
RScach2,1.00125,0.2499999999999999,0.00212152,0.00212152,0.00212152,0.00213779,0.00213779,0.00213779,0.00213779,0.00214436,0.00214436,0.00214436
RScach2,0.500625,0.2499999999999999,0.00274874,0.0026501,0.0026501,0.0026501,0.0026501,0.0026501,0.0026501,0.00249498,0.00249498,0.00249498
