SiteCode,lado_km,k,1,2,3,4
RScach2,16.02,0.05,3.59796e-4,3.70077e-4,3.49311e-4,3.51868e-4
RScach2,8.01,0.05,6.05279e-4,5.96346e-4,5.43169e-4,5.79527e-4
RScach2,4.005,0.05,8.44575e-4,9.19588e-4,8.44771e-4,9.14414e-4
RScach2,2.0025,0.05,0.00136398,0.00137724,0.00139151,0.00132509
RScach2,1.00125,0.05,0.00206648,0.00206888,0.00206888,0.00212085
RScach2,0.500625,0.05,0.00307887,0.00307887,0.00307887,0.00307887
