SiteCode,lado_km,k,1,2,3,4
RSfaxi,16.02,0.09999999999999988,0.00118538,0.00106403,0.00122784,0.00127633
RSfaxi,8.01,0.09999999999999988,0.00167694,0.00157458,0.0016117,0.0016252
RSfaxi,4.005,0.09999999999999988,0.00238278,0.00254758,0.00238038,0.00235138
RSfaxi,2.0025,0.09999999999999988,0.00348053,0.00352181,0.00352181,0.00393184
RSfaxi,1.00125,0.09999999999999988,0.00565371,0.00565371,0.00529694,0.00529694
RSfaxi,0.500625,0.09999999999999988,0.00757143,0.00757143,0.00800819,0.00800819
