SiteCode,lado_km,k,1,2,3,4
RSfaxi,16.02,0.2499999999999999,0.00271121,0.00296018,0.00287542,0.00360862
RSfaxi,8.01,0.2499999999999999,0.00309554,0.00323533,0.00293616,0.00311281
RSfaxi,4.005,0.2499999999999999,0.00371017,0.00349382,0.00319207,0.00362388
RSfaxi,2.0025,0.2499999999999999,0.00411475,0.00411475,0.00448672,0.00448672
RSfaxi,1.00125,0.2499999999999999,0.00520602,0.00520602,0.00520602,0.00520602
RSfaxi,0.500625,0.2499999999999999,0.0072114,0.0072114,0.0072114,0.0072114
