SiteCode,lado_km,k,1,2,3,4,5,6,7,8,9,10
RSfaxi,16.02,0.05,8.16053e-4,7.81453e-4,7.4347e-4,7.72488e-4,8.00778e-4,8.46712e-4,8.1317e-4,8.48409e-4,7.79912e-4,8.15796e-4
RSfaxi,8.01,0.05,0.00140747,0.00126575,0.00130313,0.00133363,0.00134304,0.0012213,0.00119985,0.00124747,0.00126725,0.00122522
RSfaxi,4.005,0.05,0.00198079,0.00206651,0.00216563,0.00200965,0.00194194,0.00191733,0.00212538,0.00199678,0.00199529,0.00204866
RSfaxi,2.0025,0.05,0.00330066,0.00330066,0.00345353,0.00345353,0.00306194,0.00306194,0.00306194,0.00332677,0.00332677,0.00341365
RSfaxi,1.00125,0.05,0.00504643,0.00504643,0.00504643,0.00504643,0.00480202,0.00480202,0.00480202,0.00480202,0.00480202,0.0047118
RSfaxi,0.500625,0.05,0.0075213,0.0075213,0.0075213,0.0075213,0.0075213,0.0075213,0.0075213,0.0078053,0.0078053,0.0078053
