SiteCode,lado_km,k,1,2,3,4
RSsetape,16.02,0.05,3.5401e-4,3.70587e-4,3.56861e-4,3.4685e-4
RSsetape,8.01,0.05,5.5524e-4,5.50713e-4,5.7348e-4,5.85144e-4
RSsetape,4.005,0.05,9.00452e-4,9.30262e-4,9.56804e-4,9.23893e-4
RSsetape,2.0025,0.05,0.00144332,0.00135837,0.00141984,0.00135575
RSsetape,1.00125,0.05,0.00212351,0.00209717,0.00209717,0.00209552
RSsetape,0.500625,0.05,0.00302474,0.00307126,0.00307126,0.00321337
