SiteCode,lado_km,k,1,2,3,4,5,6,7,8,9,10
RSsetape,16.02,0.09999999999999988,4.76672e-4,4.54183e-4,4.44205e-4,4.91631e-4,4.79554e-4,4.96375e-4,4.35708e-4,5.00658e-4,4.79067e-4,4.9011e-4
RSsetape,8.01,0.09999999999999988,7.35225e-4,7.53126e-4,6.79122e-4,7.5613e-4,7.34982e-4,7.51607e-4,7.02602e-4,7.13756e-4,6.81459e-4,7.34962e-4
RSsetape,4.005,0.09999999999999988,0.00108208,0.00104981,0.00114172,0.00111151,0.00105995,0.0011251500000000001,9.82467e-4,0.00102451,0.00103852,0.00102146
RSsetape,2.0025,0.09999999999999988,0.00151428,0.00151428,0.00148368,0.00148368,0.00150876,0.00150876,0.001511,0.00148374,0.00148374,0.00162867
RSsetape,1.00125,0.09999999999999988,0.00223547,0.00223547,0.00223547,0.00208507,0.00208507,0.00208507,0.0020117,0.0020117,0.0020117,0.0020117
RSsetape,0.500625,0.09999999999999988,0.00295565,0.00320382,0.00320382,0.00320382,0.00320382,0.00306348,0.00306348,0.00306348,0.00306348,0.00306348
