SiteCode,lado_km,k,1,2,3,4
RSsetape,16.02,0.2499999999999999,6.11309e-4,8.17302e-4,6.42981e-4,7.9296e-4
RSsetape,8.01,0.2499999999999999,8.45655e-4,8.19931e-4,9.53107e-4,8.58563e-4
RSsetape,4.005,0.2499999999999999,0.00128365,0.00123556,0.00111871,0.00111699
RSsetape,2.0025,0.2499999999999999,0.00164096,0.00157238,0.00158415,0.00168288
RSsetape,1.00125,0.2499999999999999,0.00226953,0.00226953,0.0021618,0.0021618
RSsetape,0.500625,0.2499999999999999,0.00293052,0.00286529,0.00286529,0.00286529
