SiteCode,lado_km,k,1,2,3,4
RSsmar2,16.02,0.05,5.29947e-4,5.47364e-4,5.62061e-4,5.09813e-4
RSsmar2,8.01,0.05,8.80185e-4,8.61722e-4,8.50985e-4,9.12554e-4
RSsmar2,4.005,0.05,0.00140658,0.0013936,0.00137551,0.00142848
RSsmar2,2.0025,0.05,0.00218561,0.00208778,0.00215331,0.00219577
RSsmar2,1.00125,0.05,0.00338787,0.00338787,0.00326845,0.00326845
RSsmar2,0.500625,0.05,0.00503844,0.0049189,0.0049189,0.0049189
