SiteCode,lado_km,k,1,2,3,4,5,6,7,8,9,10
RSsmar2,16.02,0.2499999999999999,0.00153819,0.00133767,0.00141149,0.00125278,0.00155858,0.00122037,0.00112652,0.00155961,0.00159101,0.00145837
RSsmar2,8.01,0.2499999999999999,0.00164973,0.00172332,0.00135302,0.00145061,0.0014582,0.00162106,0.00167194,0.00159212,0.00136713,0.00151729
RSsmar2,4.005,0.2499999999999999,0.00205861,0.00205456,0.0019115,0.00183635,0.00196832,0.00206875,0.00193007,0.00205874,0.0019289,0.00206762
RSsmar2,2.0025,0.2499999999999999,0.0026862,0.00241969,0.00241969,0.00289643,0.00289643,0.00255422,0.00255422,0.00255422,0.00243918,0.00243918
RSsmar2,1.00125,0.2499999999999999,0.00332424,0.00332424,0.00332424,0.00332424,0.00332424,0.00368202,0.00368202,0.00368202,0.00368202,0.00368202
RSsmar2,0.500625,0.2499999999999999,0.00491982,0.00475779,0.00475779,0.00475779,0.00475779,0.00475779,0.00475779,0.00500357,0.00500357,0.00500357
