SiteCode,lado_km,k,1,2,3,4
RSsmar2,16.02,0.09999999999999988,0.00071870600000000005,6.79114e-4,7.36412e-4,0.00072130200000000005
RSsmar2,8.01,0.09999999999999988,0.00106054,0.00103769,0.00103776,0.00102528
RSsmar2,4.005,0.09999999999999988,0.00155733,0.00152978,0.0015098,0.00165641
RSsmar2,2.0025,0.09999999999999988,0.00242826,0.00228523,0.00228523,0.00236493
RSsmar2,1.00125,0.09999999999999988,0.00347303,0.00347303,0.00325767,0.00325767
RSsmar2,0.500625,0.09999999999999988,0.00483915,0.00483915,0.00492904,0.00492904
