SiteCode,lado_km,k,1,2,3,4
SCarar,16.02,0.09999999999999988,2.13385e-4,2.08527e-4,2.04745e-4,2.15429e-4
SCarar,8.01,0.09999999999999988,3.60992e-4,3.16091e-4,2.94806e-4,3.05297e-4
SCarar,4.005,0.09999999999999988,4.70549e-4,5.29021e-4,4.73055e-4,5.12479e-4
SCarar,2.0025,0.09999999999999988,7.84735e-4,7.34233e-4,7.27538e-4,7.00635e-4
SCarar,1.00125,0.09999999999999988,0.00100483,0.00101855,0.00101855,0.00101855
SCarar,0.500625,0.09999999999999988,0.00149526,0.00149679,0.00149679,0.00149679
