SiteCode,lado_km,k,1,2,3,4
SCarar,16.02,0.2499999999999999,2.37032e-4,2.73008e-4,3.15097e-4,3.11526e-4
SCarar,8.01,0.2499999999999999,3.31969e-4,3.78094e-4,3.30335e-4,3.66162e-4
SCarar,4.005,0.2499999999999999,5.05731e-4,5.67048e-4,5.51408e-4,4.96226e-4
SCarar,2.0025,0.2499999999999999,7.35928e-4,7.35928e-4,7.99766e-4,7.26726e-4
SCarar,1.00125,0.2499999999999999,9.69411e-4,9.10007e-4,9.10007e-4,9.10007e-4
SCarar,0.500625,0.2499999999999999,0.00134315,0.00134315,0.00134315,0.00134315
