SiteCode,lado_km,k,1,2,3,4,5,6,7,8,9,10
SCarar,16.02,0.05,1.81262e-4,1.79979e-4,1.73363e-4,1.78977e-4,1.8373e-4,1.80682e-4,1.87097e-4,1.87241e-4,1.93584e-4,1.89235e-4
SCarar,8.01,0.05,2.79344e-4,2.90826e-4,2.91787e-4,3.26488e-4,2.93212e-4,3.04667e-4,2.78898e-4,3.05908e-4,3.12521e-4,2.91672e-4
SCarar,4.005,0.05,4.80973e-4,4.56116e-4,5.05207e-4,4.46526e-4,4.49914e-4,4.40813e-4,4.58568e-4,4.84024e-4,4.41974e-4,4.39758e-4
SCarar,2.0025,0.05,6.96214e-4,6.93063e-4,7.09465e-4,7.09465e-4,6.76442e-4,6.50693e-4,6.79694e-4,6.79694e-4,6.91085e-4,6.93399e-4
SCarar,1.00125,0.05,9.91761e-4,9.91761e-4,0.00106219,0.00106219,0.00106219,0.00109647,0.00109647,0.00109647,9.79387e-4,9.79387e-4
SCarar,0.500625,0.05,0.00149181,0.00149181,0.00154621,0.00154621,0.00154621,0.00154621,0.00154621,0.00153256,0.00153256,0.00153256
