SiteCode,lado_km,k,1,2,3,4,5,6,7,8,9,10
SCilho2,16.02,0.2499999999999999,0.00936581,0.0106273,0.0107378,0.0104847,0.0108105,0.0108974,0.0108843,0.0111068,0.011313,0.0104673
SCilho2,8.01,0.2499999999999999,0.0113116,0.00936664,0.0108154,0.0108323,0.0108488,0.00983982,0.010357,0.011238,0.010476,0.0107101
SCilho2,4.005,0.2499999999999999,0.0113505,0.0106471,0.0106508,0.0102979,0.0111101,0.0110698,0.0113169,0.0102772,0.0105947,0.010183
SCilho2,2.0025,0.2499999999999999,0.0102772,0.00991874,0.0102772,0.0102772,0.0109441,0.0109441,0.00996508,0.0109993,0.0109993,0.0112012
SCilho2,1.00125,0.2499999999999999,0.0121933,0.0121933,0.0120186,0.0120186,0.0120186,0.0120186,0.0117698,0.0117698,0.0117698,0.0120068
SCilho2,0.500625,0.2499999999999999,0.014124,0.014124,0.014124,0.014124,0.0135454,0.0135454,0.0135454,0.0135454,0.0135454,0.0135454
