SiteCode,lado_km,k,1,2,3,4
SCilho2,16.02,0.09999999999999988,0.00634141,0.00690318,0.00647045,0.00657063
SCilho2,8.01,0.09999999999999988,0.00619066,0.00597015,0.00667321,0.00606363
SCilho2,4.005,0.09999999999999988,0.00685684,0.00742746,0.00696236,0.00646321
SCilho2,2.0025,0.09999999999999988,0.0084813,0.0084813,0.00830115,0.00818855
SCilho2,1.00125,0.09999999999999988,0.0104657,0.0104657,0.0104657,0.0104999
SCilho2,0.500625,0.09999999999999988,0.013778200000000001,0.013778200000000001,0.013778200000000001,0.013778200000000001
