SiteCode,lado_km,k,1,2,3,4
SCilho2,16.02,0.2499999999999999,0.0106737,0.0106698,0.00958245,0.0115004
SCilho2,8.01,0.2499999999999999,0.0103093,0.0111389,0.0109729,0.0104204
SCilho2,4.005,0.2499999999999999,0.0109972,0.00992625,0.0100146,0.0102026
SCilho2,2.0025,0.2499999999999999,0.0110521,0.0115953,0.0109099,0.0103874
SCilho2,1.00125,0.2499999999999999,0.0113341,0.0113341,0.0113341,0.0117685
SCilho2,0.500625,0.2499999999999999,0.0136983,0.0136983,0.0136983,0.0136983
