SiteCode,lado_km,k,1,2,3,4,5,6,7,8,9,10
SCilho2,16.02,0.09999999999999988,0.00617565,0.00703434,0.0057265,0.00619194,0.00689015,0.00690814,0.00675912,0.00559006,0.00634202,0.00579164
SCilho2,8.01,0.09999999999999988,0.00532308,0.00656179,0.00579944,0.00628939,0.00596001,0.00715279,0.00627943,0.0068036,0.0062652,0.00639915
SCilho2,4.005,0.09999999999999988,0.00627405,0.0072374,0.00688954,0.00674515,0.00675694,0.0069748,0.00719703,0.00662529,0.0061827,0.00643842
SCilho2,2.0025,0.09999999999999988,0.00835914,0.00835914,0.00848171,0.0085928,0.0085928,0.00753255,0.00753255,0.00811203,0.00788274,0.00788274
SCilho2,1.00125,0.09999999999999988,0.0100858,0.0107641,0.0107641,0.0107641,0.010399,0.010399,0.010399,0.0103972,0.0103972,0.0103972
SCilho2,0.500625,0.09999999999999988,0.0141205,0.0141205,0.0135749,0.0135749,0.0135749,0.0135749,0.0135749,0.0135749,0.0141092,0.0141092
