SiteCode,lado_km,k,1,2,3,4,5,6,7,8,9,10
SCilho2,16.02,0.05,0.00286257,0.00227688,0.00264195,0.00252946,0.00275895,0.00265563,0.00241435,0.00263866,0.00239455,0.0025389
SCilho2,8.01,0.05,0.00325912,0.00343025,0.00329725,0.00335834,0.00338065,0.00349067,0.00321667,0.00306196,0.00355014,0.00353225
SCilho2,4.005,0.05,0.00467512,0.00441246,0.0048447,0.00453097,0.00469558,0.00486087,0.00472663,0.00460966,0.00466522,0.00458965
SCilho2,2.0025,0.05,0.0063568,0.00648655,0.00648655,0.00651546,0.00710248,0.00710248,0.00668828,0.00653282,0.00653282,0.00622079
SCilho2,1.00125,0.05,0.00902305,0.00961268,0.00961268,0.00961268,0.0091959,0.0091959,0.0091959,0.0091959,0.00945258,0.00945258
SCilho2,0.500625,0.05,0.0133739,0.0133739,0.0136395,0.0136395,0.0136395,0.0136395,0.0136395,0.0133465,0.0133465,0.0133465
