SiteCode,lado_km,k,1,2,3,4
SCside4,16.02,0.09999999999999988,0.00385819,0.00273025,0.00375431,0.00338567
SCside4,8.01,0.09999999999999988,0.00419553,0.0044999,0.00381509,0.00469444
SCside4,4.005,0.09999999999999988,0.00500447,0.00483939,0.00528873,0.00508352
SCside4,2.0025,0.09999999999999988,0.0070766,0.0070766,0.00734026,0.00734026
SCside4,1.00125,0.09999999999999988,0.00972694,0.00972694,0.00972694,0.00972694
SCside4,0.500625,0.09999999999999988,0.0131679,0.0131679,0.0131679,0.0131679
