SiteCode,lado_km,k,1,2,3,4,5,6,7,8,9,10
SCside4,16.02,0.05,0.00187468,0.00182492,0.00175963,0.0018003,0.00189987,0.00166645,0.00176568,0.0017877,0.00176116,0.00178054
SCside4,8.01,0.05,0.00251378,0.00262756,0.00260989,0.00270792,0.00286874,0.00252707,0.00276974,0.00287514,0.00248983,0.00268861
SCside4,4.005,0.05,0.00411438,0.00404368,0.00416842,0.00423984,0.00425654,0.00391966,0.00410955,0.00382656,0.00379837,0.00394835
SCside4,2.0025,0.05,0.00654518,0.00590035,0.00590035,0.00590035,0.00626239,0.00626239,0.00608113,0.00608113,0.00600596,0.00600596
SCside4,1.00125,0.05,0.00890277,0.00883737,0.00883737,0.00883737,0.00883737,0.00883737,0.00874269,0.00874269,0.00874269,0.00874269
SCside4,0.500625,0.05,0.0132836,0.0135315,0.0135315,0.0135315,0.0135315,0.0135315,0.0135315,0.0135315,0.0135315,0.0132205
