SiteCode,lado_km,k,1,2,3,4,5,6,7,8,9,10
SCside4,16.02,0.09999999999999988,0.00294311,0.00355187,0.00366767,0.00339049,0.00348901,0.0036943,0.0033675,0.00336767,0.00324274,0.00322569
SCside4,8.01,0.09999999999999988,0.00418842,0.0035706,0.00442458,0.0043029,0.00387508,0.00440102,0.00406468,0.00374338,0.00414559,0.00414902
SCside4,4.005,0.09999999999999988,0.00533354,0.00514012,0.00514276,0.00496723,0.00551933,0.00552773,0.00471875,0.00541409,0.00512646,0.00527514
SCside4,2.0025,0.09999999999999988,0.00696826,0.00696826,0.0071938,0.0071938,0.00702417,0.00702417,0.00702417,0.00709754,0.00709754,0.00733614
SCside4,1.00125,0.09999999999999988,0.0103631,0.0103631,0.0103631,0.00974281,0.00974281,0.00974281,0.00974281,0.00974281,0.00974281,0.00985559
SCside4,0.500625,0.09999999999999988,0.0132546,0.0132546,0.0132546,0.0132546,0.0132546,0.0132546,0.0133951,0.0133951,0.0133951,0.0133951
