SiteCode,lado_km,k,1,2,3,4
SCside4,16.02,0.2499999999999999,0.00930713,0.00985896,0.00856956,0.00996877
SCside4,8.01,0.2499999999999999,0.0107694,0.00938187,0.00893822,0.0101939
SCside4,4.005,0.2499999999999999,0.0105207,0.0101965,0.0101322,0.00938554
SCside4,2.0025,0.2499999999999999,0.0104235,0.00999417,0.00999417,0.0101326
SCside4,1.00125,0.2499999999999999,0.0113959,0.0113959,0.0118676,0.0118676
SCside4,0.500625,0.2499999999999999,0.0145713,0.0145713,0.0145886,0.0145886
