SiteCode,lado_km,k,1,2,3,4
SCsjo1,16.02,0.05,7.67368e-4,7.78401e-4,8.31114e-4,7.85205e-4
SCsjo1,8.01,0.05,0.00117086,0.00126695,0.00131311,0.00124642
SCsjo1,4.005,0.05,0.00184113,0.00194806,0.00199438,0.00203443
SCsjo1,2.0025,0.05,0.00316934,0.00316556,0.00305751,0.00298263
SCsjo1,1.00125,0.05,0.00433735,0.00433735,0.00433735,0.00435062
SCsjo1,0.500625,0.05,0.0068185,0.0068185,0.0068185,0.0068185
