SiteCode,lado_km,k,1,2,3,4,5,6,7,8,9,10
SCsjo1,16.02,0.09999999999999988,0.00116023,0.00109069,0.0010937,0.00120415,9.71668e-4,0.00121993,0.0010122900000000001,0.00105441,0.00100701,0.00108831
SCsjo1,8.01,0.09999999999999988,0.00148145,0.0014027,0.00147887,0.00146696,0.00158872,0.00167126,0.001706,0.00151982,0.00166065,0.00156394
SCsjo1,4.005,0.09999999999999988,0.00242305,0.0023296,0.00224279,0.00239921,0.0022092600000000002,0.00247459,0.00233269,0.00228092,0.00227196,0.00219597
SCsjo1,2.0025,0.09999999999999988,0.00338815,0.00338815,0.00344947,0.00344947,0.00333912,0.00333912,0.00319362,0.00319362,0.00335232,0.00335232
SCsjo1,1.00125,0.09999999999999988,0.00479247,0.00479247,0.00478246,0.00478246,0.00478246,0.00478246,0.00478246,0.00456994,0.00456994,0.00456994
SCsjo1,0.500625,0.09999999999999988,0.00664239,0.00664239,0.00706741,0.00706741,0.00706741,0.00706741,0.00706741,0.00706741,0.00706741,0.00706741
