SiteCode,lado_km,k,1,2,3,4
SCsjo1,16.02,0.2499999999999999,0.00268203,0.00220406,0.00276981,0.00263081
SCsjo1,8.01,0.2499999999999999,0.00256459,0.00299656,0.00264181,0.00284204
SCsjo1,4.005,0.2499999999999999,0.00344772,0.00311207,0.00369451,0.00282223
SCsjo1,2.0025,0.2499999999999999,0.00385367,0.00385367,0.0038888,0.0038888
SCsjo1,1.00125,0.2499999999999999,0.00480305,0.00480305,0.00480305,0.00480305
SCsjo1,0.500625,0.2499999999999999,0.00624964,0.00624964,0.00679824,0.00679824
