SiteCode,lado_km,k,1,2,3,4,5,6,7,8,9,10
SCtimbe1,16.02,0.2499999999999999,0.0042177,0.00456685,0.00492252,0.00463703,0.00477612,0.00444529,0.00438396,0.00447348,0.00452602,0.00437186
SCtimbe1,8.01,0.2499999999999999,0.00420773,0.0045076,0.00448802,0.00426379,0.00419554,0.0044276,0.00404378,0.00495793,0.00399725,0.00385923
SCtimbe1,4.005,0.2499999999999999,0.00432008,0.00471674,0.00461539,0.00429087,0.00419999,0.00451917,0.00406884,0.00420393,0.00411222,0.00406361
SCtimbe1,2.0025,0.2499999999999999,0.00457248,0.00465377,0.00432457,0.00413298,0.00442475,0.00442881,0.00454505,0.00482724,0.0043064,0.00458508
SCtimbe1,1.00125,0.2499999999999999,0.00494497,0.00508883,0.00508883,0.00470116,0.00470116,0.00463499,0.00463499,0.00469551,0.00469551,0.00435851
SCtimbe1,0.500625,0.2499999999999999,0.00531743,0.00531743,0.00549049,0.00549049,0.00549049,0.00588,0.00588,0.00588,0.00554882,0.00554882
