SiteCode,lado_km,k,1,2,3,4
SCtimbe1,16.02,0.05,0.00135482,0.00137468,0.00146065,0.00124633
SCtimbe1,8.01,0.05,0.00177085,0.00169666,0.00170799,0.00181432
SCtimbe1,4.005,0.05,0.00248304,0.00257188,0.00244956,0.00233092
SCtimbe1,2.0025,0.05,0.0032399,0.00329465,0.00321436,0.00298192
SCtimbe1,1.00125,0.05,0.00430789,0.00436208,0.00436208,0.00437944
SCtimbe1,0.500625,0.05,0.00602782,0.00602782,0.00635913,0.00635913
