SiteCode,lado_km,k,1,2,3,4
SCtimbe1,16.02,0.09999999999999988,0.00230077,0.002611,0.0026054,0.00255132
SCtimbe1,8.01,0.09999999999999988,0.00247876,0.00274372,0.00251104,0.00250144
SCtimbe1,4.005,0.09999999999999988,0.00295254,0.00279369,0.00311124,0.00276966
SCtimbe1,2.0025,0.09999999999999988,0.00356072,0.00367097,0.00347333,0.00342067
SCtimbe1,1.00125,0.09999999999999988,0.00449697,0.00448898,0.00448898,0.00477611
SCtimbe1,0.500625,0.09999999999999988,0.00593478,0.00593478,0.00593478,0.00576513
