SiteCode,lado_km,k,1,2,3,4
SPcara1,16.02,0.2499999999999999,0.00939793,0.0104793,0.010126,0.00847314
SPcara1,8.01,0.2499999999999999,0.0103372,0.0102571,0.0111453,0.0102249
SPcara1,4.005,0.2499999999999999,0.0100751,0.0103128,0.0101599,0.0103549
SPcara1,2.0025,0.2499999999999999,0.00979355,0.00951272,0.0115084,0.0109014
SPcara1,1.00125,0.2499999999999999,0.010956,0.0103166,0.0103166,0.0101555
SPcara1,0.500625,0.2499999999999999,0.0111239,0.0111239,0.011002,0.011002
