SiteCode,lado_km,k,1,2,3,4
SPcara3,16.02,0.05,0.00184491,0.00178682,0.00173529,0.00169329
SPcara3,8.01,0.05,0.00234781,0.00249776,0.00235487,0.00221239
SPcara3,4.005,0.05,0.00349837,0.00337941,0.00358215,0.00354985
SPcara3,2.0025,0.05,0.0052839,0.00518208,0.00488298,0.00531082
SPcara3,1.00125,0.05,0.00767165,0.0074742,0.00748761,0.00748761
SPcara3,0.500625,0.05,0.0108603,0.010644,0.010644,0.010644
