SiteCode,lado_km,k,1,2,3,4
SPcara1,16.02,0.09999999999999988,0.0052302,0.00489748,0.00421766,0.00456262
SPcara1,8.01,0.09999999999999988,0.00541566,0.00475373,0.0056429,0.00481564
SPcara1,4.005,0.09999999999999988,0.00521031,0.00509824,0.0048175,0.00584706
SPcara1,2.0025,0.09999999999999988,0.00661697,0.00661697,0.00621929,0.00754964
SPcara1,1.00125,0.09999999999999988,0.00849235,0.00826611,0.00826611,0.00826611
SPcara1,0.500625,0.09999999999999988,0.0112131,0.0112131,0.0112131,0.0114834
