SiteCode,lado_km,k,1,2,3,4
SPcara1,16.02,0.05,0.00256865,0.00265408,0.00240348,0.00269678
SPcara1,8.01,0.05,0.00306747,0.00331123,0.00329462,0.00330259
SPcara1,4.005,0.05,0.0042015,0.00396906,0.00414094,0.00388844
SPcara1,2.0025,0.05,0.00574728,0.00585954,0.00564404,0.00568465
SPcara1,1.00125,0.05,0.00783193,0.00783193,0.00845151,0.0080094
SPcara1,0.500625,0.05,0.0111269,0.0110404,0.0110404,0.0110404
