SiteCode,lado_km,k,1,2,3,4
SPcara3,16.02,0.2499999999999999,0.00678149,0.00726709,0.00765794,0.00703475
SPcara3,8.01,0.2499999999999999,0.00732131,0.00785108,0.00706844,0.00627206
SPcara3,4.005,0.2499999999999999,0.00738082,0.00671816,0.00741035,0.00701327
SPcara3,2.0025,0.2499999999999999,0.00711469,0.00711469,0.00740121,0.00740121
SPcara3,1.00125,0.2499999999999999,0.00873042,0.00873042,0.00873042,0.008838
SPcara3,0.500625,0.2499999999999999,0.0110925,0.0110925,0.0110925,0.0110503
