SiteCode,lado_km,k,1,2,3,4
SPcara3,16.02,0.09999999999999988,0.00313211,0.00377588,0.00394724,0.00359425
SPcara3,8.01,0.09999999999999988,0.00374675,0.00436864,0.00441115,0.00363832
SPcara3,4.005,0.09999999999999988,0.00483349,0.00467653,0.0047666,0.00474459
SPcara3,2.0025,0.09999999999999988,0.00638892,0.00638892,0.00593489,0.00619077
SPcara3,1.00125,0.09999999999999988,0.00807588,0.00807588,0.00792294,0.00792294
SPcara3,0.500625,0.09999999999999988,0.0105249,0.0105249,0.0106479,0.0106479
