SiteCode,lado_km,k,1,2,3,4
SPeec4,16.02,0.05,9.38331e-4,9.53334e-4,8.79308e-4,0.00101721
SPeec4,8.01,0.05,0.00146691,0.00167956,0.00153707,0.00155394
SPeec4,4.005,0.05,0.00246714,0.00241559,0.0024671,0.00237645
SPeec4,2.0025,0.05,0.00379779,0.00397217,0.00363891,0.00370234
SPeec4,1.00125,0.05,0.00573451,0.00573451,0.00573451,0.00588071
SPeec4,0.500625,0.05,0.00853942,0.00853942,0.00853942,0.00853942
