SiteCode,lado_km,k,1,2,3,4
SPeec4,16.02,0.2499999999999999,0.0040218,0.00424322,0.00449708,0.00452057
SPeec4,8.01,0.2499999999999999,0.00391733,0.00379718,0.00432472,0.00442633
SPeec4,4.005,0.2499999999999999,0.00404742,0.00395374,0.00450526,0.00414885
SPeec4,2.0025,0.2499999999999999,0.00507651,0.00507651,0.00520624,0.00520624
SPeec4,1.00125,0.2499999999999999,0.00643038,0.00643038,0.00615666,0.00615666
SPeec4,0.500625,0.2499999999999999,0.00844006,0.00844006,0.00844006,0.00844006
