SiteCode,lado_km,k,1,2,3,4
SPeec4,16.02,0.09999999999999988,0.00130706,0.00146341,0.00171599,0.00153523
SPeec4,8.01,0.09999999999999988,0.00192194,0.00227295,0.00192896,0.00211341
SPeec4,4.005,0.09999999999999988,0.00312139,0.00290892,0.00302385,0.00303187
SPeec4,2.0025,0.09999999999999988,0.00475205,0.00475205,0.00434516,0.00434516
SPeec4,1.00125,0.09999999999999988,0.00617991,0.00617991,0.00617991,0.00617991
SPeec4,0.500625,0.09999999999999988,0.00899142,0.00899142,0.00899142,0.00885385
