SiteCode,lado_km,k,1,2,3,4
SPigua1,16.02,0.05,0.00216373,0.00206085,0.00250897,0.00222457
SPigua1,8.01,0.05,0.00315489,0.00296871,0.00306559,0.0030442
SPigua1,4.005,0.05,0.00449899,0.00445645,0.00404491,0.004017
SPigua1,2.0025,0.05,0.00603469,0.00675816,0.00604274,0.00621591
SPigua1,1.00125,0.05,0.00876884,0.00876884,0.00893903,0.00893903
SPigua1,0.500625,0.05,0.0123892,0.0123892,0.0126626,0.0126626
