SiteCode,lado_km,k,1,2,3,4
SPigua1,16.02,0.09999999999999988,0.00643574,0.00491074,0.00559944,0.00602269
SPigua1,8.01,0.09999999999999988,0.00610059,0.00523243,0.00556107,0.00573018
SPigua1,4.005,0.09999999999999988,0.00624654,0.00652677,0.00592612,0.00623256
SPigua1,2.0025,0.09999999999999988,0.00711405,0.00686811,0.00770325,0.00744514
SPigua1,1.00125,0.09999999999999988,0.00977012,0.00977012,0.00977012,0.00953307
SPigua1,0.500625,0.09999999999999988,0.0128673,0.0128673,0.0128735,0.0128735
