SiteCode,lado_km,k,1,2,3,4
SPigua1,16.02,0.2499999999999999,0.00982191,0.00934289,0.00980777,0.00900462
SPigua1,8.01,0.2499999999999999,0.00947276,0.00982405,0.011308,0.00899471
SPigua1,4.005,0.2499999999999999,0.0105148,0.0101748,0.00888887,0.0104146
SPigua1,2.0025,0.2499999999999999,0.00990226,0.0103039,0.0103039,0.0102308
SPigua1,1.00125,0.2499999999999999,0.0106266,0.0106266,0.0106266,0.0106266
SPigua1,0.500625,0.2499999999999999,0.0127892,0.0129622,0.0129622,0.0129622
