SiteCode,lado_km,k,1,2,3,4,5,6,7,8,9,10
SPjabo1,16.02,0.05,6.49286e-4,7.06009e-4,7.45733e-4,6.99191e-4,7.2303e-4,7.83245e-4,6.82815e-4,7.12385e-4,6.65447e-4,7.61315e-4
SPjabo1,8.01,0.05,0.00119253,0.00107251,0.00114629,0.00113601,0.00115285,0.0010967,0.00117453,0.00108384,0.0010848,0.00115557
SPjabo1,4.005,0.05,0.00183722,0.00183058,0.00176544,0.00171333,0.00187401,0.00168769,0.00180278,0.00181166,0.00177933,0.00173788
SPjabo1,2.0025,0.05,0.00258097,0.00275831,0.00275831,0.00275831,0.00279085,0.00279085,0.00255069,0.00255069,0.00259808,0.00259808
SPjabo1,1.00125,0.05,0.00393167,0.00393167,0.00393167,0.00393167,0.00405578,0.00405578,0.00405578,0.00405578,0.00407412,0.00407412
SPjabo1,0.500625,0.05,0.0059809,0.0059809,0.0059809,0.00583557,0.00583557,0.00583557,0.00583557,0.00583557,0.00583557,0.00603579
