SiteCode,lado_km,k,1,2,3,4,5,6,7,8,9,10
SPjabo1,16.02,0.2499999999999999,0.00217807,0.0022036,0.00201695,0.00183696,0.00232806,0.00233528,0.00194662,0.00215684,0.00197947,0.00248515
SPjabo1,8.01,0.2499999999999999,0.00228054,0.00207568,0.00218788,0.00204913,0.0023253,0.00222034,0.00213261,0.00221142,0.00201145,0.00241426
SPjabo1,4.005,0.2499999999999999,0.0025721,0.00234036,0.00264274,0.00215656,0.00245844,0.00261221,0.00262732,0.0028336,0.00255681,0.00246122
SPjabo1,2.0025,0.2499999999999999,0.00324587,0.00308466,0.00308466,0.00327217,0.00327217,0.00336247,0.00336247,0.00335512,0.00335512,0.00335512
SPjabo1,1.00125,0.2499999999999999,0.00409639,0.00409639,0.00409639,0.00409639,0.00413485,0.00413485,0.00413485,0.00413485,0.00413485,0.00472062
SPjabo1,0.500625,0.2499999999999999,0.00590519,0.00590519,0.00590519,0.00590519,0.00590519,0.00590519,0.00539051,0.00539051,0.00539051,0.00539051
