SiteCode,lado_km,k,1,2,3,4,5,6,7,8,9,10
SPjabo1,16.02,0.09999999999999988,8.90989e-4,0.00100862,0.00103856,9.16452e-4,0.00100463,8.96728e-4,9.23392e-4,0.00106809,0.0010727,9.41885e-4
SPjabo1,8.01,0.09999999999999988,0.0014844,0.00135098,0.0013982,0.00123,0.00140013,0.00143995,0.00129527,0.00139153,0.00147557,0.001593
SPjabo1,4.005,0.09999999999999988,0.00185522,0.00193369,0.00212582,0.00200896,0.00209248,0.00198654,0.00197967,0.00195649,0.00193482,0.00203438
SPjabo1,2.0025,0.09999999999999988,0.00306627,0.00306627,0.00300607,0.00300607,0.00275761,0.00275761,0.00275761,0.00293972,0.00293972,0.003027
SPjabo1,1.00125,0.09999999999999988,0.00436383,0.00436383,0.00428336,0.00428336,0.00428336,0.00428336,0.00428336,0.0043218,0.0043218,0.0043218
SPjabo1,0.500625,0.09999999999999988,0.00597982,0.00597982,0.00590192,0.00590192,0.00590192,0.00590192,0.00590192,0.00590192,0.00593688,0.00593688
