SiteCode,lado_km,k,1,2,3,4
SPjabo1,16.02,0.09999999999999988,8.98715e-4,0.00105719,0.00102093,9.61544e-4
SPjabo1,8.01,0.09999999999999988,0.00142303,0.00125314,0.00143157,0.0012829
SPjabo1,4.005,0.09999999999999988,0.00189512,0.00193819,0.00204253,0.0021369
SPjabo1,2.0025,0.09999999999999988,0.0030193,0.00272749,0.00272749,0.00295144
SPjabo1,1.00125,0.09999999999999988,0.00414496,0.00414496,0.00399596,0.00399596
SPjabo1,0.500625,0.09999999999999988,0.00591503,0.00625514,0.00625514,0.00625514
