SiteCode,lado_km,k,1,2,3,4
SPjabo1,16.02,0.05,6.63179e-4,7.31044e-4,7.1198e-4,7.35323e-4
SPjabo1,8.01,0.05,0.00105695,0.0011425,0.00110188,0.00109017
SPjabo1,4.005,0.05,0.00164194,0.00176463,0.00179327,0.00172583
SPjabo1,2.0025,0.05,0.00271927,0.00261931,0.00274864,0.00273068
SPjabo1,1.00125,0.05,0.00420336,0.00420336,0.00389612,0.00389612
SPjabo1,0.500625,0.05,0.00591632,0.00591632,0.00591632,0.00591632
