SiteCode,lado_km,k,1,2,3,4
SPpecb1,16.02,0.09999999999999988,0.00100427,0.00101896,0.00104816,0.00107898
SPpecb1,8.01,0.09999999999999988,0.0013088,0.0013164,0.00129729,0.00127711
SPpecb1,4.005,0.09999999999999988,0.00172879,0.00172554,0.00169391,0.00176145
SPpecb1,2.0025,0.09999999999999988,0.00224509,0.00230459,0.00223306,0.00223218
SPpecb1,1.00125,0.09999999999999988,0.00300093,0.00292078,0.00295877,0.00294872
SPpecb1,0.500625,0.09999999999999988,0.00404084,0.00405533,0.00416153,0.00400398
