SiteCode,lado_km,k,1,2,3,4,5,6,7,8,9,10
SPpei1,16.02,0.05,0.0013879,0.00156386,0.00146102,0.00141262,0.00158569,0.00144036,0.00144327,0.00168338,0.00149074,0.00149601
SPpei1,8.01,0.05,0.00206615,0.001993,0.00211441,0.00219004,0.00204151,0.00218205,0.00225831,0.00219271,0.00216388,0.00208488
SPpei1,4.005,0.05,0.00316482,0.00302068,0.00323189,0.00318619,0.00293196,0.00315839,0.00306167,0.00295607,0.00309045,0.00297498
SPpei1,2.0025,0.05,0.00432533,0.00436198,0.00436198,0.00435216,0.00410912,0.00410912,0.00419175,0.00450052,0.00426437,0.00426437
SPpei1,1.00125,0.05,0.00623357,0.00623357,0.00617375,0.00617375,0.00589912,0.00589912,0.00589912,0.00602245,0.00602245,0.00615899
SPpei1,0.500625,0.05,0.00894639,0.00894639,0.00870701,0.00870701,0.00870701,0.00891569,0.00891569,0.00891569,0.00851415,0.00851415
