SiteCode,lado_km,k,1,2,3,4
SPpesm6,16.02,0.09999999999999988,0.00120851,0.00119624,0.0012593,0.00127355
SPpesm6,8.01,0.09999999999999988,0.00146257,0.00147629,0.00151693,0.00141001
SPpesm6,4.005,0.09999999999999988,0.00238373,0.0021654,0.00208424,0.00224681
SPpesm6,2.0025,0.09999999999999988,0.00307472,0.00293324,0.00293324,0.00311281
SPpesm6,1.00125,0.09999999999999988,0.00437271,0.00419333,0.00419333,0.0040818
SPpesm6,0.500625,0.09999999999999988,0.00585958,0.00585958,0.00582706,0.00582706
