SiteCode,lado_km,k,1,2,3,4
SPpesmD,16.02,0.09999999999999988,0.00437916,0.00640557,0.00570549,0.00524887
SPpesmD,8.01,0.09999999999999988,0.00519279,0.00655941,0.00456349,0.00603096
SPpesmD,4.005,0.09999999999999988,0.00648958,0.00587037,0.00683791,0.00619144
SPpesmD,2.0025,0.09999999999999988,0.00831882,0.00840584,0.00840584,0.00859828
SPpesmD,1.00125,0.09999999999999988,0.0117815,0.0117815,0.0117815,0.0121249
SPpesmD,0.500625,0.09999999999999988,0.0166523,0.0166523,0.0166523,0.0166523
