SiteCode,lado_km,k,1,2,3,4
SPpesm6,16.02,0.05,7.96164e-4,7.56875e-4,7.99158e-4,7.69942e-4
SPpesm6,8.01,0.05,0.00116784,0.0011826,0.00119998,0.00126238
SPpesm6,4.005,0.05,0.00187875,0.00184627,0.00178936,0.00179845
SPpesm6,2.0025,0.05,0.00261183,0.00266856,0.0026614,0.00270413
SPpesm6,1.00125,0.05,0.00384221,0.00384221,0.00400534,0.00400534
SPpesm6,0.500625,0.05,0.00601225,0.00601225,0.00601225,0.00596373
