SiteCode,lado_km,k,1,2,3,4
SPpecb1,16.02,0.05,8.15115e-4,8.07913e-4,8.17816e-4,8.29011e-4
SPpecb1,8.01,0.05,0.00118911,0.00116092,0.00115065,0.0011928
SPpecb1,4.005,0.05,0.00161729,0.00161905,0.00162343,0.00164396
SPpecb1,2.0025,0.05,0.00225685,0.00226489,0.00221485,0.00230758
SPpecb1,1.00125,0.05,0.00311594,0.00309627,0.00311227,0.00313565
SPpecb1,0.500625,0.05,0.00450717,0.00450484,0.0044738,0.00448092
