SiteCode,lado_km,k,1,2,3,4
SPpecb1,16.02,0.2499999999999999,0.0013556,0.00134896,0.00134463,0.00134056
SPpecb1,8.01,0.2499999999999999,0.00148839,0.00152503,0.00151863,0.00146899
SPpecb1,4.005,0.2499999999999999,0.00178857,0.00175528,0.00180055,0.00178872
SPpecb1,2.0025,0.2499999999999999,0.00218422,0.00212953,0.00216954,0.00214205
SPpecb1,1.00125,0.2499999999999999,0.00268172,0.00264823,0.00266844,0.00267991
SPpecb1,0.500625,0.2499999999999999,0.00344227,0.00346425,0.00341343,0.00342553
