SiteCode,lado_km,k,1,2,3,4,5,6,7,8,9,10
SPpesmD,16.02,0.2499999999999999,0.0131697,0.013413,0.0153523,0.0144054,0.0144923,0.0137784,0.0139542,0.0121424,0.0123409,0.0135429
SPpesmD,8.01,0.2499999999999999,0.0126139,0.014579,0.0121424,0.0130127,0.0130303,0.01308,0.0132668,0.0125509,0.013726,0.0132062
SPpesmD,4.005,0.2499999999999999,0.0136142,0.0125358,0.0146405,0.0131565,0.0131495,0.0112303,0.0133707,0.0129263,0.0142284,0.0114468
SPpesmD,2.0025,0.2499999999999999,0.0115846,0.0137641,0.0137641,0.0137641,0.0131697,0.0131697,0.0135486,0.0135486,0.0135486,0.015017
SPpesmD,1.00125,0.2499999999999999,0.0157471,0.0157471,0.0157471,0.0157471,0.0158622,0.0158622,0.0158622,0.0158622,0.0158622,0.0158622
SPpesmD,0.500625,0.2499999999999999,0.0179132,0.0179132,0.0179132,0.0179132,0.0179132,0.0179132,0.0179132,0.0179132,0.0179132,0.0171919
