SiteCode,lado_km,k,1,2,3,4
SPpesmD,16.02,0.05,0.0024085,0.0022528,0.00218875,0.00252518
SPpesmD,8.01,0.05,0.00326648,0.00310606,0.00321881,0.00316781
SPpesmD,4.005,0.05,0.0050785,0.00543103,0.00501363,0.00485696
SPpesmD,2.0025,0.05,0.00787248,0.00726266,0.00747529,0.00765135
SPpesmD,1.00125,0.05,0.0111792,0.0111792,0.0111446,0.0111446
SPpesmD,0.500625,0.05,0.0163596,0.0163596,0.0163596,0.0165168
