SiteCode,lado_km,k,1,2,3,4
SPpesm6,16.02,0.2499999999999999,0.00334195,0.00344906,0.00356397,0.00373397
SPpesm6,8.01,0.2499999999999999,0.00329337,0.00318261,0.00325004,0.00276971
SPpesm6,4.005,0.2499999999999999,0.00301694,0.00298057,0.00330834,0.0038371
SPpesm6,2.0025,0.2499999999999999,0.00347531,0.00387562,0.00354188,0.0036065
SPpesm6,1.00125,0.2499999999999999,0.00435186,0.00435186,0.00435186,0.00406533
SPpesm6,0.500625,0.2499999999999999,0.0051545,0.0051545,0.0051545,0.0051545
