SiteCode,lado_km,k,1,2,3,4
SPpesmI,16.02,0.2499999999999999,0.0151291,0.0140829,0.0143112,0.0139735
SPpesmI,8.01,0.2499999999999999,0.0146026,0.0134914,0.0135275,0.0138188
SPpesmI,4.005,0.2499999999999999,0.0126292,0.0148959,0.0143011,0.0131969
SPpesmI,2.0025,0.2499999999999999,0.0144122,0.0127759,0.0149648,0.0144679
SPpesmI,1.00125,0.2499999999999999,0.014493,0.0140679,0.0140679,0.0140679
SPpesmI,0.500625,0.2499999999999999,0.0154297,0.0154297,0.0154297,0.0146626
