SiteCode,lado_km,k,1,2,3,4
SPpei1,16.02,0.2499999999999999,0.00503657,0.00480553,0.00470962,0.00424395
SPpei1,8.01,0.2499999999999999,0.00532112,0.00450024,0.0051167,0.00457675
SPpei1,4.005,0.2499999999999999,0.00444112,0.00483569,0.00507857,0.00481276
SPpei1,2.0025,0.2499999999999999,0.00556448,0.0055749,0.00589055,0.00549769
SPpei1,1.00125,0.2499999999999999,0.00647281,0.00647281,0.00641616,0.00641616
SPpei1,0.500625,0.2499999999999999,0.00801815,0.00801815,0.00801815,0.00799414
