SiteCode,lado_km,k,1,2,3,4
SPpei1,16.02,0.09999999999999988,0.00263102,0.00289601,0.00269959,0.00259354
SPpei1,8.01,0.09999999999999988,0.0027084,0.00299991,0.00277673,0.00309509
SPpei1,4.005,0.09999999999999988,0.00383508,0.0035397,0.00373467,0.0038715
SPpei1,2.0025,0.09999999999999988,0.00494877,0.00495153,0.00495153,0.00476343
SPpei1,1.00125,0.09999999999999988,0.00628681,0.00628681,0.00641302,0.00631645
SPpei1,0.500625,0.09999999999999988,0.00866163,0.00866163,0.00829955,0.00829955
