SiteCode,lado_km,k,1,2,3,4
SPpesmI,16.02,0.05,0.00410448,0.00418833,0.00418228,0.00384374
SPpesmI,8.01,0.05,0.00478467,0.00416744,0.00418109,0.00464167
SPpesmI,4.005,0.05,0.00569387,0.00558005,0.0056805,0.0051453
SPpesmI,2.0025,0.05,0.00711841,0.00744043,0.00771728,0.00684124
SPpesmI,1.00125,0.05,0.00987702,0.00987702,0.0100031,0.0100031
SPpesmI,0.500625,0.05,0.0139751,0.0142621,0.0142621,0.0142621
