SiteCode,lado_km,k,1,2,3,4
SPpesmI,16.02,0.09999999999999988,0.00715679,0.00711,0.0063344,0.00694823
SPpesmI,8.01,0.09999999999999988,0.00693326,0.00800433,0.00682598,0.00643884
SPpesmI,4.005,0.09999999999999988,0.00772612,0.00766294,0.00680419,0.00722066
SPpesmI,2.0025,0.09999999999999988,0.00807931,0.00838527,0.00920483,0.00920483
SPpesmI,1.00125,0.09999999999999988,0.0108129,0.0108129,0.0108129,0.010605
SPpesmI,0.500625,0.09999999999999988,0.0141539,0.0141539,0.0138393,0.0138393
