modelo,dAICc,df,weight,dev.expl
"s(k,by=land) + (lat,long)",0,1482.9123672647622,0.9729184210351713,0.9486275094090815
"s(k,by=land)",7.16289296438481,1483.1562944509158,0.027081578964828518,0.9486064886650284
"s(k,by=land) - te(k,plot,by=land)",89761.67910289,133.54461242196035,0,0.6384656139402034
1,103669.10549774527,104.85537095149294,0,0.5920685412414036
